<?xml version="1.0" encoding="UTF-8" standalone="yes"?>
<addon id="repository.kodispain" name="kodispain repository" version="1.1" provider-name="joheos11">
	<extension point="xbmc.addon.repository" name="KodiSpain repository">
		<info compressed="false">https://raw.githubusercontent.com/joheos11/repository.kodispain/master/addons.xml</info>
		<checksum>https://raw.githubusercontent.com/joheos11/repository.kodispain/master/addons.xml.md5</checksum>
		<datadir zip="true">https://raw.githubusercontent.com/joheos11/repository.kodispain/master/</datadir>
	</extension>
	<extension point="xbmc.addon.metadata">
		<summary>-KodiSpain Repo</summary>
		<description>Repositorio creado para grupo telegram http://t.me/kodispain</description>
		<disclaimer></disclaimer>
		<platform>all</platform>
	</extension>
</addon>