<?xml version="1.0" encoding="UTF-8" standalone="yes"?>
<addon id="plugin.video.kodispaintv"
       name="[COLOR red]Kodi[/COLOR][COLOR yellow]Spain[/COLOR][COLOR red]Tv[/COLOR]"
       version="2.7"
       provider-name="joheos11">

  <requires>
    <import addon="xbmc.python" version="2.1.0"/>
    <import addon="script.module.beautifulsoup" version="3.2.1"/>
    <import addon="script.module.simple.downloader" version="0.9.4"/>
    <import addon="script.module.requests" />
    <import addon="script.module.httplib2" />
    <import addon="script.module.liveresolver" version="0.1.24" optional="true"/>
    <import addon="script.module.youtube.dl" optional="true"/>
    <import addon="plugin.video.youtube" optional="true" />
    <import addon="script.module.dateutil" optional="true" />
    <import addon="script.module.resolveurl" optional="true"/>
    <import addon="script.module.urlresolver" optional="true"/>
    <import addon="script.module.cloudscraper" optional="true"/>
    <import addon="script.module.inputstreamhelper" optional="true"/>
    <import addon="script.module.simplejson" />    
    <import addon="script.module.livestreamer" optional="true"/>
    <import addon="script.module.slproxy" optional="true"/>
    <import addon="script.module.pyamf" optional="true"/>
  </requires>

  <extension point="xbmc.python.pluginsource" library="default.py">
    <provides>video</provides>
  </extension>

  <extension point="xbmc.addon.repository" name="KodiSpain repository">
	<info compressed="false">https://raw.githubusercontent.com/joheos11/repository.kodispain/master/addons.xml</info>
	<checksum>https://raw.githubusercontent.com/joheos11/repository.kodispain/master/addons.xml.md5</checksum>
	<datadir zip="true">https://raw.githubusercontent.com/joheos11/repository.kodispain/master/</datadir>
  </extension>

  <extension point="xbmc.addon.metadata">
		<summary>Canales de la Television Española y más...</summary>
		<description>
Complemento de video basado en LiveStreamsPro
Puedes seguirme en https://t.me/kodispain y http://konectas.es

AVISO LEGAL:

Este complemento no aloja ningun contenido mostrado.
Todo el contenido se encuentra libremente en internet.
No se acepta ninguna responsabilidad por el uso de este addon.

¡Disfruta!
		</description>
		<platform>all</platform>
  </extension>
</addon>