<?xml version="1.0" encoding="UTF-8" standalone="yes"?>
<addon id="plugin.video.kodispainbuild" name="Kodispain Build" version="0.2" provider-name="www.konectas.es">
  <requires>
    <import addon="xbmc.python" version="2.1.0"/>
  </requires>
  <extension point="xbmc.python.pluginsource" library="default.py">
        <provides>video executable</provides>
  </extension>
  <extension point="xbmc.addon.metadata">
		<summary lang="en">Build exclusivo para grupo Telegram Kodispain</summary>
		<description lang="en">Instalador del build </description>
		<disclaimer lang="en"></disclaimer>
		<platform>all</platform>
	</extension>
</addon>
