<?xml version="1.0" encoding="UTF-8" standalone="yes"?>
<addons>
<addon id="plugin.video.kodispainbuild" name="Kodispain Build" version="0.2" provider-name="www.konectas.es">
  <requires>
    <import addon="xbmc.python" version="2.1.0"/>
  </requires>
  <extension point="xbmc.python.pluginsource" library="default.py">
        <provides>video executable</provides>
  </extension>
  <extension point="xbmc.addon.metadata">
		<summary lang="en">Build exclusivo para grupo Telegram Kodispain</summary>
		<description lang="en">Instalador del build </description>
		<disclaimer lang="en"></disclaimer>
		<platform>all</platform>
	</extension>
</addon>

<addon id="repository.kodispain" name="kodispain repository" version="1.0" provider-name="joheos11">
	<extension point="xbmc.addon.repository" name="KodiSpain repository">
		<info compressed="false">https://raw.githubusercontent.com/joheos11/repository.kodispain/master/addons.xml</info>
		<checksum>https://raw.githubusercontent.com/joheos11/repository.kodispain/master/addons.xml.md5</checksum>
		<datadir zip="true">https://raw.githubusercontent.com/joheos11/repository.kodispain/master/</datadir>
	</extension>
	<extension point="xbmc.addon.metadata">
		<summary>-KodiSpain Repo</summary>
		<description>Repositorio creado para grupo telegram http://t.me/kodispain</description>
		<disclaimer></disclaimer>
		<platform>all</platform>
	</extension>
</addon>
</addons>
